bleu_1,bleu_2,bleu_3,bleu_4,cider
0.34950303673798166,0.2131118313593958,0.15022015409032488,0.11196199431293935,0.2145199921247924
