bleu_1,bleu_2,bleu_3,bleu_4,cider
0.3943263369296953,0.20004161515337804,0.12148927462785858,0.07249489231048316,0.9181264575245955
