bleu_1,bleu_2,bleu_3,bleu_4,cider
0.16840517036984512,0.10312668436305254,0.07816675583098302,0.06443231356864682,0.008482916632896046
