bleu_1,bleu_2,bleu_3,bleu_4,cider
0.13250954974278284,0.039300411992891505,2.671293491814759e-07,7.070759931066118e-10,0.03650798646210114
