bleu_1,bleu_2,bleu_3,bleu_4,cider
0.04410903671338161,4.876437488065515e-10,1.1251580216286046e-12,5.566177880126092e-14,0.0
