bleu_1,bleu_2,bleu_3,bleu_4,cider
0.21176470587986157,0.11294649172333353,0.077886210799589,0.049452546384233444,0.017115276301753368
