bleu_1,bleu_2,bleu_3,bleu_4,cider
0.2605983269530659,0.13859239409794527,0.0829676786245236,0.05377813991988172,0.06084118428870636
