bleu_1,bleu_2,bleu_3,bleu_4,cider
0.037758653842421615,0.0149355683351654,1.1335623199610084e-07,3.210948908867389e-10,0.0
